分类,物品名,注册编号,原计划编号,原计划,当前操作,当前效果,对照结论,差异与边界,验证范围,源码依据
盲盒与文字,盲盒,blindboxchallenge:blind_box,CORE-01,简单盒子模型和开启动画；长按右键开启且使用期间减速；从默认空的全服共享奖池等权抽出一个完整打包奖项。空池或背包不足不消耗。,手持长按右键约2秒开盒；中途松手取消。,使用时减速；从全服共享奖池等概率取出一个完整奖项，一次获得其中全部物品并消耗1个盲盒。默认奖池为空。空池或背包装不下整包时不消耗盲盒、不扣奖品。盲盒不绑定原打包者。,明确差异,抽奖主流程符合计划，但盒子开启动画尚未实现：当前是平面图标与原版拉弓姿势。开盒固定2秒，未提供原规划的时长配置。异常交易按既有验收规则恢复或隔离待查，不能承诺任何掉电窗口都自动补发。,已核对当前源码。当前包确认注册；本表不声称该件全部玩法已逐项重测。,mod/src/main/java/cn/blindboxchallenge/item/BlindBoxItem.java:22；mod/src/main/java/cn/blindboxchallenge/item/BlindBoxItem.java:80；mod/src/main/java/cn/blindboxchallenge/service/BlindBoxService.java:91；mod/src/main/java/cn/blindboxchallenge/data/BlindBoxPoolSavedData.java:19；mod/src/main/java/cn/blindboxchallenge/data/BlindBoxPoolSavedData.java:89；mod/src/main/resources/assets/blindboxchallenge/models/item/blind_box.json:1；docs/ITEM_CATALOG.md:82；docs/PLAN.md:19；docs/OPEN_QUESTIONS.md:22
盲盒与文字,奖池打包道具,blindboxchallenge:packing_tool,CORE-02,一次选择多种物品及数量，原子地移入全局共享奖池并获得盲盒；奖项保留完整物品栈和NBT。,手持右键打开背包选择界面；左键某格选整栈/取消，选中后右键逐个减少数量；选好多格后点击打包。,选择多格物品和各自数量，成功时精确扣除并组成一个全服共享奖项，同时获得1个盲盒；保留附魔、耐久、自定义名称等数据。打包道具不消耗。正常校验失败时背包与奖池不变。,符合计划,主体符合计划。可选36格主背包/快捷栏，不含副手与盔甲；不允许把盲盒或打包道具再次打包。界面已改成点选物品、右键递减数量。,189d8f旧候选通过真实界面失败零变更、重开会话及只扣选定数量；当前包验证注册与奖池保存重启，未逐项重跑全部打包场景。,mod/src/main/java/cn/blindboxchallenge/item/PackingToolItem.java:19；mod/src/main/java/cn/blindboxchallenge/menu/PackingMenu.java:23；mod/src/main/java/cn/blindboxchallenge/client/PackingScreen.java:37；mod/src/main/java/cn/blindboxchallenge/network/CommitPackingPacket.java:48；mod/src/main/java/cn/blindboxchallenge/service/BlindBoxService.java:38；docs/ITEM_CATALOG.md:83；docs/PLAN.md:19
盲盒与文字,信件,blindboxchallenge:letter,CORE-03,右键以信纸背景阅读；Shift+右键编辑；正文为受限纯文本，服务端校验、保存、同步。默认512个Unicode码点、16行，可配置。,手持右键阅读并可翻页；潜行右键打开多行编辑界面，输入后点击保存。,右键阅读、翻页；潜行右键编辑并保存到这封信。默认最多512个字符码点、16行，可在服务端调整。只显示纯文字，不执行命令或富文本；不消耗。,符合计划,符合定稿。长信分页与缩放后保留草稿已有后续修正。字符上限按码点计，少数组合表情不等于一个码点。,fa4bf7旧候选通过长信翻页和缩放保稿；本轮核对当前源码，未在当前包逐项重跑。,mod/src/main/java/cn/blindboxchallenge/item/LetterItem.java:29；mod/src/main/java/cn/blindboxchallenge/service/LetterService.java:41；mod/src/main/java/cn/blindboxchallenge/service/LetterService.java:60；mod/src/main/java/cn/blindboxchallenge/network/CommitLetterEditPacket.java:28；mod/src/main/java/cn/blindboxchallenge/client/LetterReadScreen.java:33；mod/src/main/java/cn/blindboxchallenge/client/LetterReadScreen.java:83；mod/src/main/java/cn/blindboxchallenge/config/ModServerConfig.java:49；docs/ITEM_CATALOG.md:84；docs/PLAN.md:27
盲盒与文字,死亡笔记,blindboxchallenge:death_note,038,输入在线玩家名字后使目标死亡；可延迟数秒；服务端解析在线目标并执行，伤害和延迟可配置，不执行拼接命令。,手持右键打开输入界面，填写当前在线玩家名并提交；默认等60tick（约3秒）。,输入当前在线玩家名，默认3秒后对仍在线的目标造成1000点绕过无敌的伤害，通常会死亡；本模组图腾不能拦截。笔记不消耗，无额外冷却；伤害和延迟可配置。目标到期离线则本次作废。,符合计划,符合在线目标、延迟和服务端执行的定稿；实际是高额伤害，超高生命或调整为低伤害时不保证死亡。普通非旁观玩家即可用，当前没有仅管理员可用的限制。,fa4bf7旧候选通过界面提交与到期死亡；本轮核对当前源码，未在当前包逐项重跑。,mod/src/main/java/cn/blindboxchallenge/item/DeathNoteItem.java:21；mod/src/main/java/cn/blindboxchallenge/network/CommitDeathNotePacket.java:42；mod/src/main/java/cn/blindboxchallenge/service/DeathNoteService.java:13；mod/src/main/java/cn/blindboxchallenge/data/DeathNoteSavedData.java:18；mod/src/main/java/cn/blindboxchallenge/event/ServerLifecycleEvents.java:79；mod/src/main/java/cn/blindboxchallenge/config/ModServerConfig.java:55；docs/ITEM_CATALOG.md:51；docs/OPEN_QUESTIONS.md:13；docs/PLAN.md:52
武器与工具,黑武士伸缩刀,blindboxchallenge:black_knight_telescopic_knife,001,右键伸刀；木剑属性；命中有概率收缩。收缩概率与缩回后的规则允许采用默认方案。,手持右键切换伸出/收缩；左键近战。,两种状态均为总攻击力4、攻击速度1.6、耐久59的木剑；已经伸出时命中后默认20%自动收缩，概率可配置。,有实现取舍,主效果一致。缩回后仍有木剑伤害，没有额外冷却；属于原文未定时的实现选择。旧审计的概率写死已过时。,已核对当前源码。当前包确认注册；本表不声称该件全部玩法已逐项重测。,docs/ITEM_CATALOG.md:7；mod/src/main/java/cn/blindboxchallenge/item/BlackKnightTelescopicKnifeItem.java:21；mod/src/main/java/cn/blindboxchallenge/item/BlackKnightTelescopicKnifeItem.java:26；mod/src/main/java/cn/blindboxchallenge/item/BlackKnightTelescopicKnifeItem.java:55；mod/src/main/java/cn/blindboxchallenge/config/ModServerConfig.java:33
武器与工具,紫色玩具钻石镐 / 剑,blindboxchallenge:purple_toy_pickaxe_sword,002,右键在镐和剑之间切换，两形态均为木质属性，分别具原版木镐/木剑能力。,默认镐形态；手持右键切换；左键挖掘或攻击。,耐久59。镐形态总攻击力2、攻击速度1.2、适用方块挖掘速度2，只有木镐等级；剑形态总攻击力4、攻击速度1.6，可横扫，挖掘速度与掉落判定委托原版木剑，包括蜘蛛网。,明确差异,原有蜘蛛网掉落缺陷已在当前代码修正。镐形态近战仍只消耗1点耐久，原版镐近战消耗2点；该差别不影响材质等级、采矿或切换主效果。,已核对当前源码。当前包确认注册；本表不声称该件全部玩法已逐项重测。,docs/ITEM_CATALOG.md:8；mod/src/main/java/cn/blindboxchallenge/item/PurpleToyPickaxeSwordItem.java:23；mod/src/main/java/cn/blindboxchallenge/item/PurpleToyPickaxeSwordItem.java:28；mod/src/main/java/cn/blindboxchallenge/item/PurpleToyPickaxeSwordItem.java:42；mod/src/main/java/cn/blindboxchallenge/item/PurpleToyPickaxeSwordItem.java:53；mod/src/main/java/cn/blindboxchallenge/item/PurpleToyPickaxeSwordItem.java:67；mod/src/main/java/cn/blindboxchallenge/event/ModItemAttributeEvents.java:24
武器与工具,仙女棒,blindboxchallenge:fairy_wand,005-B,近战提供击退II；基础伤害与耐久未定。,主手持有并左键近战。,总攻击力4、攻击速度1.6、耐久59的木剑基线，主手攻击击退属性+2，按Forge玩家攻击语义提供相当于击退II的增量。,有实现取舍,击退方向吻合；木剑伤害和耐久是原文未定时的默认值。效果通过属性实现，不是在物品上附加一个击退II附魔标签。,已核对当前源码。当前包确认注册；本表不声称该件全部玩法已逐项重测。,docs/ITEM_CATALOG.md:12；mod/src/main/java/cn/blindboxchallenge/item/FairyWandItem.java:19；mod/src/main/java/cn/blindboxchallenge/item/FairyWandItem.java:23
武器与工具,玩具小刀,blindboxchallenge:toy_knife,007-B,玩具小刀，伤害低一点；精确伤害和材质未定。,主手持有并左键近战。,总攻击力2、攻击速度1.6、耐久59，木材质剑和剑类交互。,有实现取舍,伤害低于原版木剑的4点，吻合低伤害方向；精确2点伤害与59耐久是原文未定时的默认值。,已核对当前源码。当前包确认注册；本表不声称该件全部玩法已逐项重测。,docs/ITEM_CATALOG.md:15；mod/src/main/java/cn/blindboxchallenge/registry/ModItems.java:124
武器与工具,一米长螺丝刀,blindboxchallenge:long_screwdriver,014,铁剑属性，攻击距离+1。,主手持有并左键近战。,总攻击力6、攻击速度1.6、耐久250，铁剑基础交互，额外增加1格实体攻击距离。,符合计划,数值沿用铁剑；实体攻击距离增加，不增加方块交互距离。,已核对当前源码。当前包确认注册；本表不声称该件全部玩法已逐项重测。,docs/ITEM_CATALOG.md:23；mod/src/main/java/cn/blindboxchallenge/item/LongScrewdriverItem.java:19；mod/src/main/java/cn/blindboxchallenge/item/LongScrewdriverItem.java:23
武器与工具,战锤40k 链锯剑 泰拉之牙,blindboxchallenge:chainsaw_sword,015,石斧属性，攻击距离+2。,主手持有并左键近战；保留原版斧类右键交互。,总攻击力9、攻击速度0.8、耐久131、石斧采掘属性，实体攻击距离额外+2。,符合计划,名称虽称剑，原需求明确要求石斧属性，继承斧类不是实现错位。,已核对当前源码。当前包确认注册；本表不声称该件全部玩法已逐项重测。,docs/ITEM_CATALOG.md:24；mod/src/main/java/cn/blindboxchallenge/item/ChainsawSwordItem.java:19；mod/src/main/java/cn/blindboxchallenge/item/ChainsawSwordItem.java:23
武器与工具,镐锄一体,blindboxchallenge:pickaxe_hoe,019,铁质镐子与锄头二合一；具铁镐和铁锄能力，不是铲。,左键挖掘；对适用土地右键耕地。,耐久250；镐类适用方块采掘速度6、掉落等级为铁镐；同时保留铁锄动作与耕地；近战采用铁锄基础，总攻击力1、攻击速度3。,有实现取舍,两种工具功能和铁质等级一致；没有模式切换，近战采用铁锄而非铁镐属性，是原文未单独定义的实现选择。,已核对当前源码。当前包确认注册；本表不声称该件全部玩法已逐项重测。,docs/ITEM_CATALOG.md:28；mod/src/main/java/cn/blindboxchallenge/item/PickaxeHoeItem.java:21；mod/src/main/java/cn/blindboxchallenge/item/PickaxeHoeItem.java:26；mod/src/main/java/cn/blindboxchallenge/item/PickaxeHoeItem.java:31；mod/src/main/java/cn/blindboxchallenge/item/PickaxeHoeItem.java:36
武器与工具,打火机,blindboxchallenge:lighter,024,等同原版打火石。,对可点火位置右键。,继承原版打火石点火、点燃适用方块等交互；耐久64。,符合计划,完整沿用原版打火石实现。,已核对当前源码。当前包确认注册；本表不声称该件全部玩法已逐项重测。,docs/ITEM_CATALOG.md:33；mod/src/main/java/cn/blindboxchallenge/item/LighterItem.java:6
武器与工具,70cm 泡澡桶,blindboxchallenge:bath_bucket,025,等同桶；装岩浆耗 1 耐久；总耐久 10；支持液体原待定,,右键收取或倒出水、岩浆源。耐久10；装水不扣耐久，装入岩浆扣1。最后一次取岩浆会使桶损坏。,有实现取舍,目前仅支持水、岩浆，不支持装鱼、细雪、挤奶，不能理解为原版桶全部能力。,已核对当前源码。当前包确认注册；本表不声称该件全部玩法已逐项重测。,mod/src/main/java/cn/blindboxchallenge/item/BathBucketItem.java:10；mod/src/main/java/cn/blindboxchallenge/item/RestrictedFluidContainerItem.java:72；docs/ITEM_CATALOG.md:34
武器与工具,安全出口牌子盾牌,blindboxchallenge:safety_exit_sign_shield,029,耐久5；举盾成功格挡时反伤50%。反伤对象和伤害范围未定。,手持长按右键举盾，按原版盾牌规则格挡。,耐久5；成功格挡后对直接活体攻击者造成被格挡伤害50%的荆棘伤害；不能用修复材料修复。,有实现取舍,数值和格挡触发一致；只反射直接活体近战来源，不反射投射物或非活体/间接来源，属于原文未定的范围选择。,已核对当前源码。当前包确认注册；本表不声称该件全部玩法已逐项重测。,docs/ITEM_CATALOG.md:38；mod/src/main/java/cn/blindboxchallenge/item/SafetyExitSignShieldItem.java:8；mod/src/main/java/cn/blindboxchallenge/item/SafetyExitSignShieldItem.java:20；mod/src/main/java/cn/blindboxchallenge/event/ServerLifecycleEvents.java:108；mod/src/main/java/cn/blindboxchallenge/event/ServerLifecycleEvents.java:114
武器与工具,鲨匕抱枕,blindboxchallenge:shark_dagger_pillow,043,鲨匕抱枕等同石剑。,主手持有并左键近战。,总攻击力5、攻击速度1.6、耐久131，沿用石剑和剑类交互；不是可坐或可投掷的两种抱枕。,符合计划,虽名称包含抱枕，原文明确指定石剑，无放置/乘坐/投掷需求。,已核对当前源码。当前包确认注册；本表不声称该件全部玩法已逐项重测。,docs/ITEM_CATALOG.md:57；mod/src/main/java/cn/blindboxchallenge/registry/ModItems.java:141
武器与工具,刺客伍六七剪刀,blindboxchallenge:returning_scissors,045,等同三叉戟的近战与投掷，投掷自动回收，参考忠诚返航逻辑。,左键近战；长按右键至少0.5秒后松开投掷。,总近战攻击力9、攻击速度1.1、耐久250；投掷初速度2.5，基础投掷伤害8，生存每次投出损耗1耐久；命中或飞行5秒后自动返航，靠近同维在线主人时入包，满包掉在主人位置；主人离线/死亡/换维时保留实体和完整物品栈。,有实现取舍,近战、投掷和无需忠诚附魔自动返航符合主要求；采用自定义返航实体，不应等同声称原版三叉戟所有附魔特性（引雷、激流）均已复刻。,已核对当前源码。当前包确认注册；本表不声称该件全部玩法已逐项重测。,docs/ITEM_CATALOG.md:59；mod/src/main/java/cn/blindboxchallenge/item/ReturningScissorsItem.java:19；mod/src/main/java/cn/blindboxchallenge/item/ReturningScissorsItem.java:28；mod/src/main/java/cn/blindboxchallenge/item/ReturningScissorsItem.java:40；mod/src/main/java/cn/blindboxchallenge/entity/ReturningScissorsEntity.java:44；mod/src/main/java/cn/blindboxchallenge/entity/ReturningScissorsEntity.java:181；mod/src/main/java/cn/blindboxchallenge/entity/ReturningScissorsEntity.java:209；mod/src/main/java/cn/blindboxchallenge/entity/ReturningScissorsEntity.java:265
武器与工具,纸杯,blindboxchallenge:paper_cup,046-F,只能装水的桶；能否倒水原待定,,右键收取水源、倒出水；不可堆叠，不耗耐久；不能装岩浆或直接喝水。,符合计划,原计划只要求水桶功能，没有喝水需求。,已核对当前源码。当前包确认注册；本表不声称该件全部玩法已逐项重测。,mod/src/main/java/cn/blindboxchallenge/item/PaperCupItem.java:10；mod/src/main/java/cn/blindboxchallenge/item/RestrictedFluidContainerItem.java:97；docs/ITEM_CATALOG.md:65
穿戴与保命,美甲,blindboxchallenge:nail_art,004,主手和副手分别攻击力+1、攻击距离+2，并允许双手叠加。,放在主手或副手；双手各一件可叠加。,每件攻击力+1、实体攻击距离+2；主手只有美甲、其余无加成时总攻击力2，双手美甲时总攻击力3、实体攻击距离合计+4；不可堆叠。,符合计划,不同手使用独立属性UUID，允许叠加；增加实体攻击距离，不增加方块交互距离。,已核对当前源码。当前包确认注册；本表不声称该件全部玩法已逐项重测。,docs/ITEM_CATALOG.md:10；mod/src/main/java/cn/blindboxchallenge/item/NailItem.java:27；mod/src/main/java/cn/blindboxchallenge/item/NailItem.java:33；mod/src/main/java/cn/blindboxchallenge/item/NailItem.java:43
穿戴与保命,粉色蝴蝶翅膀,blindboxchallenge:pink_butterfly_wings,005-A,等同鞘翅的飞行装备，粉色蝴蝶外观。,装备胸甲槽，腾空时按跳跃键进入鞘翅滑翔；按原版方式配合烟花加速。,继承鞘翅飞行、装备和耐久规则，耐久432，不提供护甲；玩家穿戴时使用专属粉色翅膀贴图与原版鞘翅姿态。,符合计划,当前已有专属玩家渲染层，旧审计“穿戴时只有原版灰翅外观”不再适用；几何姿态继续复用原版鞘翅。,已核对当前源码。当前包确认注册；本表不声称该件全部玩法已逐项重测。,docs/ITEM_CATALOG.md:11；mod/src/main/java/cn/blindboxchallenge/registry/ModItems.java:122；mod/src/main/java/cn/blindboxchallenge/client/PinkButterflyWingsLayer.java:24；mod/src/main/java/cn/blindboxchallenge/client/PinkButterflyWingsLayer.java:38；mod/src/main/java/cn/blindboxchallenge/client/ClientModEvents.java:40
穿戴与保命,奶龙老鼠干,blindboxchallenge:rat_jerky_totem,006,等同不死图腾的保命物品。,放在主手或副手；受到可触发图腾的致命伤害时自动使用。,取消本次死亡，消耗1件、生命设为1点，清除现有药效，给予生命恢复II45秒、伤害吸收II5秒、防火I40秒并广播图腾动画；虚空、/kill等绕过无敌的伤害不触发；不可堆叠。,有实现取舍,保命及药效按图腾基线实现；这是自定义死亡事件保护路径，不是原版图腾物品。装备眼罩时眼罩失明由其维护逻辑保留。,已核对当前源码。当前包确认注册；本表不声称该件全部玩法已逐项重测。,docs/ITEM_CATALOG.md:13；mod/src/main/java/cn/blindboxchallenge/registry/ModItems.java:90；mod/src/main/java/cn/blindboxchallenge/event/ServerLifecycleEvents.java:78；mod/src/main/java/cn/blindboxchallenge/event/ServerLifecycleEvents.java:86；mod/src/main/java/cn/blindboxchallenge/event/ServerLifecycleEvents.java:166
穿戴与保命,路障头饰,blindboxchallenge:road_barrier_helmet,033,可戴头部，护甲值等同铁头盔；路障装备模型。,右键装备或放入头部盔甲槽。,头部护甲2、耐久165，沿用铁头盔装备属性；已接入专属路障几何头盔模型和物品渲染。,符合计划,旧审计“只给原版头盔换纹理”已过时，当前有自定义穿戴模型入口。,已核对当前源码。当前包确认注册；本表不声称该件全部玩法已逐项重测。,docs/ITEM_CATALOG.md:42；mod/src/main/java/cn/blindboxchallenge/registry/ModItems.java:69；mod/src/main/java/cn/blindboxchallenge/item/RoadBarrierHelmetItem.java:26；mod/src/main/java/cn/blindboxchallenge/item/RoadBarrierHelmetItem.java:36；mod/src/main/java/cn/blindboxchallenge/item/RoadBarrierHelmetItem.java:48
穿戴与保命,蛋仔眼罩,blindboxchallenge:eggy_eye_mask,037-C / 046-C,头部佩戴后失明；046-C重复描述并入同一物品。,右键装备或放入头部盔甲槽；取下结束本物品自身失明。,皮革头盔属性，护甲1、耐久55，专属眼罩穿戴纹理；佩戴时维持无限失明I，牛奶/图腾不能使仍戴着的眼罩永久失效；外部失明清除或到期后在服务端刻末补回眼罩效果。,符合计划,当前已通过效果移除/到期事件维护，旧审计的牛奶/图腾清除后不恢复已过时；摘除只移除本物品拥有的失明，避免误清外部来源。,189d8f旧候选通过眼罩跨刻维护；当前源码已核对维护逻辑，当前包未重跑全场景。,docs/ITEM_CATALOG.md:50；mod/src/main/java/cn/blindboxchallenge/registry/ModItems.java:127；mod/src/main/java/cn/blindboxchallenge/item/EggyEyeMaskItem.java:27；mod/src/main/java/cn/blindboxchallenge/item/EggyEyeMaskItem.java:37；mod/src/main/java/cn/blindboxchallenge/item/EggyEyeMaskItem.java:47；mod/src/main/java/cn/blindboxchallenge/item/EggyEyeMaskItem.java:78；mod/src/main/java/cn/blindboxchallenge/event/ServerLifecycleEvents.java:142；mod/src/main/java/cn/blindboxchallenge/event/ServerLifecycleEvents.java:150；docs/ITEM_CATALOG.md:62
穿戴与保命,文绪立牌,blindboxchallenge:wenxu_standee,039-A,文绪立牌等同不死图腾；是否可放置未定。,放在主手或副手；致命伤害触发保命。,与奶龙老鼠干共用保护：消耗1件、保留1点生命，生命恢复II45秒、伤害吸收II5秒、防火I40秒，图腾动画；绕过无敌伤害不触发；不可堆叠，当前不能放置。,有实现取舍,图腾主效果一致；可放置从未定稿，所以当前不提供放置能力不判为漏实现。,已核对当前源码。当前包确认注册；本表不声称该件全部玩法已逐项重测。,docs/ITEM_CATALOG.md:52；mod/src/main/java/cn/blindboxchallenge/registry/ModItems.java:129；mod/src/main/java/cn/blindboxchallenge/event/ServerLifecycleEvents.java:78；mod/src/main/java/cn/blindboxchallenge/event/ServerLifecycleEvents.java:86；mod/src/main/java/cn/blindboxchallenge/event/ServerLifecycleEvents.java:166
穿戴与保命,口罩,blindboxchallenge:face_mask,052,可戴在头部盔甲槽；护甲数值、能否与头盔共存未定。,右键装备或放入头部盔甲槽。,皮革头盔基础，护甲1、耐久55；使用独立口罩穿戴贴图，占用头部槽，因此不能与另一件头盔同槽共存。,有实现取舍,能戴头部吻合；皮革头盔数值和单槽占用是未指定部分的原版默认选择。,已核对当前源码。当前包确认注册；本表不声称该件全部玩法已逐项重测。,docs/ITEM_CATALOG.md:76；mod/src/main/java/cn/blindboxchallenge/registry/ModItems.java:132；mod/src/main/java/cn/blindboxchallenge/item/FaceMaskItem.java:14；mod/src/main/java/cn/blindboxchallenge/item/FaceMaskItem.java:17；mod/src/main/java/cn/blindboxchallenge/item/FaceMaskItem.java:22
能力与趣味,盐酸肾上腺素,blindboxchallenge:adrenaline,003,消耗品：30秒速度II、力量II、生命恢复IV、饱和；原文×10含义未定。,长按右键1.2秒完成使用。,服务端给予速度II、力量II、生命恢复IV各30秒，饱和I仅1 tick（0.05秒，立即恢复型）；生存消耗1件，最大堆叠16。,有实现取舍,前三种药效及30秒时长一致；饱和按立即恢复实现，不是持续30秒。×10没有被解释为堆叠上限或自动发10件，原文对此未定。,已核对当前源码。当前包确认注册；本表不声称该件全部玩法已逐项重测。,docs/ITEM_CATALOG.md:9；mod/src/main/java/cn/blindboxchallenge/item/AdrenalineItem.java:18；mod/src/main/java/cn/blindboxchallenge/item/AdrenalineItem.java:29；mod/src/main/java/cn/blindboxchallenge/item/AdrenalineItem.java:41
能力与趣味,易筋经,blindboxchallenge:yijin_manual,009,右键学习，永久加血、加伤、二段跳，死亡保留；默认生命+2、攻击+1、空中跳初速度0.42，可配置。,手持右键首次学习；之后腾空再按二段跳键（默认空格）。,首次学习在生存消耗1本；默认最大生命从20变22、基础空手攻击从1变2，每次腾空允许一次竖直初速度0.42的二段跳，个人请求冷却5 tick（0.25秒），落地重置；死亡、重连、换维保留能力，重复学习不叠加且不消耗。三个强化值可配置。,符合计划,旧审计的不可配置、首跳在刻末误发请求已不适用于当前代码：已读服务端配置，按键判断已移至客户端刻开始并排除界面打开状态。上述仅说明当前实现，不表示本轮进行了实测。,fa4bf7旧候选通过首跳、二段跳和远端同步；后续混合场景复验未完成，本轮只核对当前实现。,docs/ITEM_CATALOG.md:18；mod/src/main/java/cn/blindboxchallenge/item/YiJinJingItem.java:19；mod/src/main/java/cn/blindboxchallenge/service/PlayerAbilityService.java:27；mod/src/main/java/cn/blindboxchallenge/service/PlayerAbilityService.java:38；mod/src/main/java/cn/blindboxchallenge/service/PlayerAbilityService.java:61；mod/src/main/java/cn/blindboxchallenge/client/ClientAbilityKeyEvents.java:26；mod/src/main/java/cn/blindboxchallenge/event/PlayerAbilityEvents.java:36；mod/src/main/java/cn/blindboxchallenge/config/ModServerConfig.java:25
能力与趣味,高效养猪技术,blindboxchallenge:efficient_pig_breeding,011,周围10格猪自动繁殖，不消耗猪食物；按球形半径，冷却可配置。,手持右键催生。,在10格球形范围内最多扫描32只存活猪，仅成年且无繁殖冷却、可进入恋爱的猪参与配对；每两只立即繁殖，不消耗食物或书本；成功默认冷却10秒。扫描上限和冷却可配置。,符合计划,范围、无食物消耗、冷却配置一致。旧审计的幼猪/繁殖冷却缺少年龄校验已修正，当前显式要求getAge()==0。,已核对当前源码。当前包确认注册；本表不声称该件全部玩法已逐项重测。,docs/ITEM_CATALOG.md:20；mod/src/main/java/cn/blindboxchallenge/item/EfficientPigBreedingItem.java:20；mod/src/main/java/cn/blindboxchallenge/service/PigBreedingService.java:14；mod/src/main/java/cn/blindboxchallenge/service/PigBreedingService.java:22；mod/src/main/java/cn/blindboxchallenge/service/PigBreedingService.java:30；mod/src/main/java/cn/blindboxchallenge/config/ModServerConfig.java:43
能力与趣味,伏特加,blindboxchallenge:vodka,020,饮用后微醺，出现模糊、扭曲等醉酒视觉；服务端管理时长并同步。,长按右键1.2秒饮用。,服务端给予原版恶心I持续30秒；生存消耗1件，最大堆叠16。视觉由客户端原版效果和视觉设置呈现。,有实现取舍,醉酒效果与服务端计时存在；使用原版恶心视觉，没有独立模糊着色器，属于已有实施说明记录的表现方式。,已核对当前源码。当前包确认注册；本表不声称该件全部玩法已逐项重测。,docs/ITEM_CATALOG.md:29；mod/src/main/java/cn/blindboxchallenge/item/VodkaItem.java:18；mod/src/main/java/cn/blindboxchallenge/item/VodkaItem.java:31；mod/src/main/java/cn/blindboxchallenge/item/VodkaItem.java:41；mod/src/main/java/cn/blindboxchallenge/item/VodkaItem.java:45
能力与趣味,头戴式耳机,blindboxchallenge:headphones,027,仅播放原版音乐，不配置、保存、下载或解码在线链接。,手持右键播放。,从使用者位置向附近玩家播放原版CAT唱片；冷却1秒，不消耗，不可堆叠。,符合计划,原计划只要求播放原版音乐；当前固定CAT唱片、位置声源和1秒冷却。虽然名字叫头戴式耳机，当前手持使用，不能装备到头部，也没有切歌或停止界面。,已核对当前源码。当前包确认注册；本表不声称该件全部玩法已逐项重测。,docs/ITEM_CATALOG.md:36；mod/src/main/java/cn/blindboxchallenge/item/HeadphonesItem.java:17；mod/src/main/java/cn/blindboxchallenge/item/HeadphonesItem.java:24
能力与趣味,卡祖笛,blindboxchallenge:kazoo,031,右键吹响；音效、冷却、听众范围未定。,手持右键吹奏。,服务端从玩家位置播放原版音符盒长笛音色，音高0.72；成功冷却1秒，不消耗，不可堆叠。,有实现取舍,吹响主交互一致；借用原版长笛，不是独立录制卡祖音源，属于原文未定时的实现选择。,已核对当前源码。当前包确认注册；本表不声称该件全部玩法已逐项重测。,docs/ITEM_CATALOG.md:40；mod/src/main/java/cn/blindboxchallenge/item/KazooItem.java:14；mod/src/main/java/cn/blindboxchallenge/item/KazooItem.java:21
能力与趣味,决策币,blindboxchallenge:decision_coin,039-B,正面给自身10秒力量II；反面清除自身所有buff；随机由服务端决定。,手持右键掷币。,服务端等概率正反面；正面力量II持续10秒；反面删除当前全部有益状态效果，负面状态保留；生存消耗1枚，最大堆叠16。,符合计划,将buff解释为有益状态效果，不把中毒、凋零等负面效果当作要清除的buff；与既有实施说明一致。,已核对当前源码。当前包确认注册；本表不声称该件全部玩法已逐项重测。,docs/ITEM_CATALOG.md:53；mod/src/main/java/cn/blindboxchallenge/item/DecisionCoinItem.java:24；mod/src/main/java/cn/blindboxchallenge/item/DecisionCoinItem.java:38
能力与趣味,发条小黄鸡,blindboxchallenge:clockwork_chicken,046-D,右键启动60秒倒计时；结束时在当前位置爆炸，威力是TNT的2倍；默认强度8，其他沿用原版TNT交互，数值可配。,手持右键放出已启动倒计时的小黄鸡；生存消耗1件。,默认60秒后在小黄鸡实体当时的位置爆炸，爆炸强度8（原版TNT为4）。受重力、运动影响，不会一直跟随玩家；剩余倒计时可随实体保存。时长和强度可配置。,符合计划,符合定稿。双倍指爆炸强度参数，不代表固定双倍伤害或破坏体积。停服或实体未被更新时倒计时不按现实时间继续。,已核对当前源码。当前包确认注册；本表不声称该件全部玩法已逐项重测。,mod/src/main/java/cn/blindboxchallenge/item/ClockworkChickenItem.java:18；mod/src/main/java/cn/blindboxchallenge/entity/ClockworkChickenEntity.java:35；mod/src/main/java/cn/blindboxchallenge/entity/ClockworkChickenEntity.java:63；mod/src/main/java/cn/blindboxchallenge/config/ModServerConfig.java:61；docs/ITEM_CATALOG.md:63；docs/OPEN_QUESTIONS.md:27
能力与趣味,生日蜡烛,blindboxchallenge:birthday_candle,046-E,长按许愿，随机正面药效30秒；冷却20秒，候选效果未定。,手持长按右键1.6秒完成许愿。,等概率从速度I、力量I、抗性I、生命恢复I中选择一种，持续30秒；成功冷却20秒，不消耗，不可堆叠。,有实现取舍,持续时间和冷却一致；4种候选、等级I和1.6秒蓄力是原文未定时的默认值。,已核对当前源码。当前包确认注册；本表不声称该件全部玩法已逐项重测。,docs/ITEM_CATALOG.md:64；mod/src/main/java/cn/blindboxchallenge/item/BirthdayCandleItem.java:19；mod/src/main/java/cn/blindboxchallenge/item/BirthdayCandleItem.java:31；mod/src/main/java/cn/blindboxchallenge/item/BirthdayCandleItem.java:39；mod/src/main/java/cn/blindboxchallenge/item/BirthdayCandleItem.java:49
能力与趣味,彩虹圈,blindboxchallenge:rainbow_hoop,046-G,长按蓄力，松开将自身弹起；高度、落伤、冷却等未定。,手持长按右键，蓄力后松开。,少于0.5秒无效果；0.5–2秒将自身竖直速度线性设为0.45–0.90格/tick，超过2秒封顶；不消耗，不可堆叠，无额外冷却或落伤免疫。,有实现取舍,用户已确认外形是彩虹弹簧圈，贴图按此重绘。蓄力弹起符合计划；速度、最低蓄力、无落伤免疫和无冷却是未写明部分的默认选择。,已核对当前源码。当前包确认注册；本表不声称该件全部玩法已逐项重测。,docs/ITEM_CATALOG.md:66；mod/src/main/java/cn/blindboxchallenge/item/RainbowHoopItem.java:15；mod/src/main/java/cn/blindboxchallenge/item/RainbowHoopItem.java:25；mod/src/main/java/cn/blindboxchallenge/item/RainbowHoopItem.java:31；mod/src/main/java/cn/blindboxchallenge/item/RainbowHoopItem.java:41
照明、放置与传送,石墩子抱枕,blindboxchallenge:stone_pillow,008,蓄力后丢出去砸人；对方块可放置，玩家可坐；投掷伤害允许服务器配置。,对方块右键放置；右键已放置抱枕坐下，潜行下座；对空气长按右键0.5–2秒后松手投掷。,投掷命中默认伤害3点，可配置；蓄力改变速度（0.8–1.5格/刻），不增加伤害。命中或飞行约10秒后落成可拾取物，保留原物品数据；生存投出1件再拾回。放置后可坐1人。,符合计划,放置、坐和蓄力砸人符合计划。落地后需要自己拾取，不会像剪刀一样自动飞回；创造模式不扣物品，也不生成返还物。,已核对当前源码。当前包确认注册；本表不声称该件全部玩法已逐项重测。,mod/src/main/java/cn/blindboxchallenge/item/PillowBlockItem.java:18；mod/src/main/java/cn/blindboxchallenge/item/PillowBlockItem.java:30；mod/src/main/java/cn/blindboxchallenge/block/PillowBlock.java:33；mod/src/main/java/cn/blindboxchallenge/entity/PillowProjectileEntity.java:29；mod/src/main/java/cn/blindboxchallenge/entity/PillowProjectileEntity.java:153；mod/src/main/java/cn/blindboxchallenge/entity/PillowSeatEntity.java:83；mod/src/main/java/cn/blindboxchallenge/entity/PillowVariant.java:25；mod/src/main/java/cn/blindboxchallenge/config/ModServerConfig.java:38；docs/ITEM_CATALOG.md:17；docs/OPEN_QUESTIONS.md:16；docs/PLAN.md:54
照明、放置与传送,钻石抱枕,blindboxchallenge:diamond_pillow,016,蓄力后丢出去砸人；对方块可放置，玩家可坐；投掷伤害允许服务器配置。,对方块右键放置；右键已放置抱枕坐下，潜行下座；对空气长按右键0.5–2秒后松手投掷。,投掷命中默认伤害5点，可配置；蓄力改变速度（0.8–1.5格/刻），不增加伤害。命中或飞行约10秒后落成可拾取物，保留原物品数据；生存投出1件再拾回。放置后可坐1人。,符合计划,放置、坐和蓄力砸人符合计划。落地后需要自己拾取，不会像剪刀一样自动飞回；创造模式不扣物品，也不生成返还物。,已核对当前源码。当前包确认注册；本表不声称该件全部玩法已逐项重测。,mod/src/main/java/cn/blindboxchallenge/item/PillowBlockItem.java:18；mod/src/main/java/cn/blindboxchallenge/item/PillowBlockItem.java:30；mod/src/main/java/cn/blindboxchallenge/block/PillowBlock.java:33；mod/src/main/java/cn/blindboxchallenge/entity/PillowProjectileEntity.java:29；mod/src/main/java/cn/blindboxchallenge/entity/PillowProjectileEntity.java:153；mod/src/main/java/cn/blindboxchallenge/entity/PillowSeatEntity.java:83；mod/src/main/java/cn/blindboxchallenge/entity/PillowVariant.java:25；mod/src/main/java/cn/blindboxchallenge/config/ModServerConfig.java:40；docs/ITEM_CATALOG.md:25；docs/OPEN_QUESTIONS.md:16；docs/PLAN.md:54
照明、放置与传送,荧光棒,blindboxchallenge:glow_stick,026,照明物品，等同火把,,可放地面或墙上，放置后持续14级亮度。手持没有额外动态光源。,符合计划,采用火把式放置照明；未加入多色变体。,已核对当前源码。当前包确认注册；本表不声称该件全部玩法已逐项重测。,mod/src/main/java/cn/blindboxchallenge/block/GlowStickBlock.java:10；mod/src/main/java/cn/blindboxchallenge/registry/ModBlocks.java:28；docs/ITEM_CATALOG.md:35
照明、放置与传送,BML 应援棒,blindboxchallenge:bml_cheer_stick,028,一对应援棒；右键开启发光，等同火把,,可放地面或墙上；默认熄灭，右键切换亮/灭，亮度14/0。背包中为一个物品类型。,有实现取舍,放置后的开关已实现，旧审计“固定常亮、无开关”已过时。未实现手持开关、动态照明或两个独立年份物品。,已核对当前源码。当前包确认注册；本表不声称该件全部玩法已逐项重测。,mod/src/main/java/cn/blindboxchallenge/block/BmlCheerStickBlock.java:24；mod/src/main/java/cn/blindboxchallenge/block/BmlCheerStickBlock.java:47；docs/ITEM_CATALOG.md:37
照明、放置与传送,任意门,blindboxchallenge:anywhere_door,037-B,两扇门双向关联；目的门下方或旁边配独立安全落点；穿门时传送到该点，检查碰撞、维度和区块加载。,在两处放门，各自门正下方或同高度四侧相邻格放恰好1个安全落点；依次潜行右键两扇未配对的门建立双向关联。走进已关联的无碰撞门格触发，离开抵达门格后可再次进入返程。,两门双向关联，可跨维度；走入门体后传至对面安全落点上方，清零速度和落伤。冷却约1秒，离开抵达门格后才能再次返程。出口必须已加载、无碰撞、无液体；不满足时留在原地。,符合计划,符合定稿。只传送可建造、可交互且未乘骑的存活玩家；不会主动加载远方区块，因此远端无人且区块未加载时不能传送。当前包有真实双客户端恢复证据，但只覆盖已保存的固定两门场景。,当前20f44候选通过本地真实双客户端跨维传送与保存后强杀恢复；只覆盖固定两门、事先保存、目标区块已加载，不涵盖所有异常掉电与门网络。,mod/src/main/java/cn/blindboxchallenge/block/AnywhereDoorBlock.java:30；mod/src/main/java/cn/blindboxchallenge/service/DoorService.java:29；mod/src/main/java/cn/blindboxchallenge/service/DoorService.java:43；mod/src/main/java/cn/blindboxchallenge/service/DoorService.java:99；mod/src/main/java/cn/blindboxchallenge/service/DoorService.java:134；mod/src/main/java/cn/blindboxchallenge/service/DoorService.java:248；mod/src/main/java/cn/blindboxchallenge/service/DoorService.java:286；mod/src/main/java/cn/blindboxchallenge/blockentity/AnywhereDoorBlockEntity.java:37；docs/ITEM_CATALOG.md:49；docs/OPEN_QUESTIONS.md:14
照明、放置与传送,安全落点,blindboxchallenge:safety_landing,CORE-04,目的门下方或旁边独立放置；传送只能站到该点；先做碰撞、维度和区块加载检查。,像普通方块一样右键放置在门正下方或同高度四侧相邻格；每扇门仅保留1个，再配对两门。保证安全点上方可站立且无液体。,任意门专用支撑块，落在其上方中心。每扇门正下方或同高度四侧之一须恰有1个安全点；没有、多于1个或出口被堵时拒绝传送。它本身不能传送。,符合计划,符合定稿。配对后仍会在实际穿门时重新检查安全性，配对成功不代表出口永久可用。,当前20f44候选通过本地真实双客户端跨维传送与保存后强杀恢复；只覆盖固定两门、事先保存、目标区块已加载，不涵盖所有异常掉电与门网络。,mod/src/main/java/cn/blindboxchallenge/block/SafetyLandingBlock.java:9；mod/src/main/java/cn/blindboxchallenge/service/DoorService.java:77；mod/src/main/java/cn/blindboxchallenge/service/DoorService.java:174；mod/src/main/java/cn/blindboxchallenge/service/DoorService.java:264；mod/src/main/java/cn/blindboxchallenge/service/DoorService.java:305；docs/ITEM_CATALOG.md:85；docs/ITEM_CATALOG.md:49
照明、放置与传送,木质手工八音盒,blindboxchallenge:music_box,047-B,放置后右键播放配置的OGG/MP3 HTTPS链接，向开始时全服在线玩家播放一次至自然结束，新登录者不补播；服务器仅校验/广播，客户端异步下载/缓存/解码。原计划连接/读取/总下载超时与响应上限由服务器配置，建议10秒/16MiB。,放置后首次右键或潜行右键编辑公网HTTPS音频直链并保存；普通右键播放一次。,支持OGG、MP3，开始时向全服当前在线玩家播放，不随距离、维度衰减；播完停止，新登录者不补播。各客户端下载与缓存；固定总下载时限10秒、文件16 MiB、缓存64 MiB，同时最多2条下载/播放。主音量和唱片音量须开启。,明确差异,全服播放主流程已实现；计划要求超时和响应大小可由服务器配置，当前仍是客户端固定值。当前包音频压力未通过：Bob下载首文件并读取到解码数据，Alice正文下载失败；未完成双端缓存淘汰、并发和损坏恢复验证。,当前包：双端联机和音频负例通过；第一份大文件仅Bob读到22050字节解码数据，Alice失败，压力未通过。7d5ed4旧候选曾通过双端短OGG/MP3、缓存和重连不补播，不能替代本包完整复验。,mod/src/main/java/cn/blindboxchallenge/block/MusicBoxBlock.java:18；mod/src/main/java/cn/blindboxchallenge/blockentity/MusicBoxBlockEntity.java:15；mod/src/main/java/cn/blindboxchallenge/service/MusicBoxService.java:19；mod/src/main/java/cn/blindboxchallenge/menu/MusicBoxMenu.java:43；mod/src/main/java/cn/blindboxchallenge/network/CommitMusicBoxUrlPacket.java:29；mod/src/main/java/cn/blindboxchallenge/service/AudioUrlPolicy.java:14；mod/src/main/java/cn/blindboxchallenge/client/audio/RemoteAudioDownload.java:74；mod/src/main/java/cn/blindboxchallenge/client/audio/RemoteAudioDownload.java:108；mod/src/main/java/cn/blindboxchallenge/client/audio/ClientMusicService.java:35；mod/src/main/java/cn/blindboxchallenge/client/audio/ClientMusicService.java:60；mod/src/main/java/cn/blindboxchallenge/client/audio/ClientMusicService.java:132；mod/src/main/java/cn/blindboxchallenge/client/audio/RemoteMusicSoundInstance.java:33；mod/src/main/java/cn/blindboxchallenge/client/audio/BufferedAudioStream.java:16；docs/assets/item-stability-validation-2026-10-04.json:161；docs/ITEM_CATALOG.md:68；docs/PLAN.md:31；docs/OPEN_QUESTIONS.md:12；docs/OPEN_QUESTIONS.md:28
食物,黑松露火腿苏打饼干,blindboxchallenge:truffle_ham_cracker,021,曲奇饱食度,,长按食用约1.6秒，消耗1个；恢复2点饥饿（1格），补充至多0.4点饱和；无额外状态效果。,符合计划,按原版曲奇数值；与049同名，当前是两件物品。,已核对当前源码。当前包确认注册；本表不声称该件全部玩法已逐项重测。,mod/src/main/java/cn/blindboxchallenge/registry/ModItems.java:103；mod/src/main/java/cn/blindboxchallenge/registry/ModItems.java:148；docs/ITEM_CATALOG.md:30
食物,呀土豆零食,blindboxchallenge:potato_snack,030,牛排饱食度,,长按食用约1.6秒，消耗1个；恢复8点饥饿（4格），补充至多12.8点饱和；无额外状态效果。,符合计划,按原版牛排数值；与048名称近似，当前是两件不同数值物品。,已核对当前源码。当前包确认注册；本表不声称该件全部玩法已逐项重测。,mod/src/main/java/cn/blindboxchallenge/registry/ModItems.java:104；mod/src/main/java/cn/blindboxchallenge/registry/ModItems.java:148；docs/ITEM_CATALOG.md:39
食物,军粮包,blindboxchallenge:ration_pack,032,20 点饱食度,,长按食用约1.6秒，消耗1个；恢复20点饥饿（10格），补充至多20点饱和；无额外状态效果。,符合计划,20点饥饿符合原计划；饱和系数1.0是实现选择。,已核对当前源码。当前包确认注册；本表不声称该件全部玩法已逐项重测。,mod/src/main/java/cn/blindboxchallenge/registry/ModItems.java:105；mod/src/main/java/cn/blindboxchallenge/registry/ModItems.java:148；docs/ITEM_CATALOG.md:41
食物,太阳糖,blindboxchallenge:sun_candy,042,曲奇饱食度,,长按食用约1.6秒，消耗1个；恢复2点饥饿（1格），补充至多0.4点饱和；无额外状态效果。,符合计划,按原版曲奇数值，无额外状态效果。,已核对当前源码。当前包确认注册；本表不声称该件全部玩法已逐项重测。,mod/src/main/java/cn/blindboxchallenge/registry/ModItems.java:106；mod/src/main/java/cn/blindboxchallenge/registry/ModItems.java:148；docs/ITEM_CATALOG.md:56
食物,大白兔奶糖,blindboxchallenge:white_rabbit_candy,022,曲奇饱食度,,长按食用约1.6秒，消耗1个；恢复2点饥饿（1格），补充至多0.4点饱和；无额外状态效果。,符合计划,按原版曲奇数值，无额外状态效果。,已核对当前源码。当前包确认注册；本表不声称该件全部玩法已逐项重测。,mod/src/main/java/cn/blindboxchallenge/registry/ModItems.java:107；mod/src/main/java/cn/blindboxchallenge/registry/ModItems.java:148；docs/ITEM_CATALOG.md:31
食物,深海小鱼,blindboxchallenge:deep_sea_fish,035-A,食物，属性未说明,,长按食用约1.6秒，消耗1个；恢复2点饥饿（1格），补充至多0.4点饱和；无额外状态效果。,原计划未定,食物数值为默认值；贴图已按熟制零食绘制。,已核对当前源码。当前包确认注册；本表不声称该件全部玩法已逐项重测。,mod/src/main/java/cn/blindboxchallenge/registry/ModItems.java:108；mod/src/main/java/cn/blindboxchallenge/registry/ModItems.java:148；docs/ITEM_CATALOG.md:44
食物,火腿肠,blindboxchallenge:ham_sausage,035-B,食物，属性未说明,,长按食用约1.6秒，消耗1个；恢复4点饥饿（2格），补充至多2.4点饱和；无额外状态效果。,原计划未定,当前采用原计划未写明的保守默认值；不是已经确认的额外玩法。,已核对当前源码。当前包确认注册；本表不声称该件全部玩法已逐项重测。,mod/src/main/java/cn/blindboxchallenge/registry/ModItems.java:109；mod/src/main/java/cn/blindboxchallenge/registry/ModItems.java:148；docs/ITEM_CATALOG.md:45
食物,鹌鹑蛋,blindboxchallenge:quail_egg,035-C,食物，属性未说明,,长按食用约1.6秒，消耗1个；恢复2点饥饿（1格），补充至多0.8点饱和；无额外状态效果。,原计划未定,当前直接可食，未区分生蛋与熟蛋。,已核对当前源码。当前包确认注册；本表不声称该件全部玩法已逐项重测。,mod/src/main/java/cn/blindboxchallenge/registry/ModItems.java:110；mod/src/main/java/cn/blindboxchallenge/registry/ModItems.java:148；docs/ITEM_CATALOG.md:46
食物,哈基米南北绿豆浆,blindboxchallenge:green_soy_milk,040,食物/饮品，效果未说明,,长按食用约1.6秒，消耗1个；恢复4点饥饿（2格），补充至多2.4点饱和；无额外状态效果。,原计划未定,实际沿用吃食物动画；没有饮用动画、返还杯瓶或额外效果。,已核对当前源码。当前包确认注册；本表不声称该件全部玩法已逐项重测。,mod/src/main/java/cn/blindboxchallenge/registry/ModItems.java:111；mod/src/main/java/cn/blindboxchallenge/registry/ModItems.java:148；docs/ITEM_CATALOG.md:54
食物,牛肉粒一包,blindboxchallenge:beef_bites,044,食物，属性未说明,,长按食用约1.6秒，消耗1个；恢复6点饥饿（3格），补充至多7.2点饱和；无额外状态效果。,原计划未定,当前采用原计划未写明的保守默认值；不是已经确认的额外玩法。,已核对当前源码。当前包确认注册；本表不声称该件全部玩法已逐项重测。,mod/src/main/java/cn/blindboxchallenge/registry/ModItems.java:112；mod/src/main/java/cn/blindboxchallenge/registry/ModItems.java:148；docs/ITEM_CATALOG.md:58
食物,油板栗,blindboxchallenge:oil_chestnut,046-A,食物，属性未说明,,长按食用约1.6秒，消耗1个；恢复4点饥饿（2格），补充至多2.4点饱和；无额外状态效果。,原计划未定,当前采用原计划未写明的保守默认值；不是已经确认的额外玩法。,已核对当前源码。当前包确认注册；本表不声称该件全部玩法已逐项重测。,mod/src/main/java/cn/blindboxchallenge/registry/ModItems.java:113；mod/src/main/java/cn/blindboxchallenge/registry/ModItems.java:148；docs/ITEM_CATALOG.md:60
食物,风吹饼,blindboxchallenge:wind_blown_cake,046-B,食物，属性未说明,,长按食用约1.6秒，消耗1个；恢复4点饥饿（2格），补充至多2.4点饱和；无额外状态效果。,原计划未定,当前采用原计划未写明的保守默认值；不是已经确认的额外玩法。,已核对当前源码。当前包确认注册；本表不声称该件全部玩法已逐项重测。,mod/src/main/java/cn/blindboxchallenge/registry/ModItems.java:114；mod/src/main/java/cn/blindboxchallenge/registry/ModItems.java:148；docs/ITEM_CATALOG.md:61
食物,糖醋火鸡面,blindboxchallenge:sweet_sour_turkey_noodles,047-A,食物，属性未说明,,长按食用约1.6秒，消耗1个；恢复8点饥饿（4格），补充至多11.2点饱和；无额外状态效果。,原计划未定,当前直接吃掉，不返还餐盒或碗。,已核对当前源码。当前包确认注册；本表不声称该件全部玩法已逐项重测。,mod/src/main/java/cn/blindboxchallenge/registry/ModItems.java:115；mod/src/main/java/cn/blindboxchallenge/registry/ModItems.java:148；docs/ITEM_CATALOG.md:67
食物,麻酱米线,blindboxchallenge:sesame_rice_noodles,047-D,食物，属性未说明,,长按食用约1.6秒，消耗1个；恢复8点饥饿（4格），补充至多9.6点饱和；无额外状态效果。,原计划未定,当前直接吃掉，不返还餐盒或碗。,已核对当前源码。当前包确认注册；本表不声称该件全部玩法已逐项重测。,mod/src/main/java/cn/blindboxchallenge/registry/ModItems.java:116；mod/src/main/java/cn/blindboxchallenge/registry/ModItems.java:148；docs/ITEM_CATALOG.md:70
食物,呀土豆,blindboxchallenge:potato_chips,048,呀土豆，食物效果未说明；与 030 名称近似,,长按食用约1.6秒，消耗1个；恢复6点饥饿（3格），补充至多6点饱和；无额外状态效果。,原计划未定,与030独立注册；030恢复8点，本项恢复6点，原计划未确定是否合并。,已核对当前源码。当前包确认注册；本表不声称该件全部玩法已逐项重测。,mod/src/main/java/cn/blindboxchallenge/registry/ModItems.java:117；mod/src/main/java/cn/blindboxchallenge/registry/ModItems.java:148；docs/ITEM_CATALOG.md:72
食物,黑松露火腿苏打饼干,blindboxchallenge:black_truffle_ham_cracker,049,与 021 同名，是否重复未定，食物效果未说明,,长按食用约1.6秒，消耗1个；恢复2点饥饿（1格），补充至多0.4点饱和；无额外状态效果。,原计划未定,与021名称、数值相同，另注册一件；重绘以叠放外观区分，尚无玩法差异。,已核对当前源码。当前包确认注册；本表不声称该件全部玩法已逐项重测。,mod/src/main/java/cn/blindboxchallenge/registry/ModItems.java:118；mod/src/main/java/cn/blindboxchallenge/registry/ModItems.java:148；docs/ITEM_CATALOG.md:73
食物,魔法士干脆面,blindboxchallenge:magic_crispy_noodles,050,食物，属性未说明,,长按食用约1.6秒，消耗1个；恢复6点饥饿（3格），补充至多6点饱和；无额外状态效果。,原计划未定,当前采用原计划未写明的保守默认值；不是已经确认的额外玩法。,已核对当前源码。当前包确认注册；本表不声称该件全部玩法已逐项重测。,mod/src/main/java/cn/blindboxchallenge/registry/ModItems.java:119；mod/src/main/java/cn/blindboxchallenge/registry/ModItems.java:148；docs/ITEM_CATALOG.md:74
收藏与摆设,小白人,blindboxchallenge:abstract_white_figurine,010,小白人装饰方块，无效果,,可以放置的小白人摆件；无技能、交互或状态加成。,符合计划,仅一个注册变体，未另做黑色版。,已核对当前源码。当前包确认注册；本表不声称该件全部玩法已逐项重测。,mod/src/main/java/cn/blindboxchallenge/registry/ModItems.java:82；mod/src/main/java/cn/blindboxchallenge/block/DecorativeBlock.java:11；docs/ITEM_CATALOG.md:19
收藏与摆设,风火轮玩具车,blindboxchallenge:toy_car,013,普通物品/装饰，无效果；不可擅自骑乘或放置,,可携带、收藏，最多64个一组；没有右键技能、放置或装备行为。,符合计划,不能开车、骑乘或作为方块放置；原计划本来就写无效果。,已核对当前源码。当前包确认注册；本表不声称该件全部玩法已逐项重测。,mod/src/main/java/cn/blindboxchallenge/registry/ModItems.java:136；docs/ITEM_CATALOG.md:22
收藏与摆设,百万英镑,blindboxchallenge:million_pound_note,017,普通收藏品，无效果,,可携带、收藏，最多64个一组；没有右键技能、放置或装备行为。,符合计划,按原计划保留收藏用途，无额外功能。,已核对当前源码。当前包确认注册；本表不声称该件全部玩法已逐项重测。,mod/src/main/java/cn/blindboxchallenge/registry/ModItems.java:137；docs/ITEM_CATALOG.md:26
收藏与摆设,小升初模拟卷数学品,blindboxchallenge:math_exam_paper,023,普通收藏品，无效果,,可携带、收藏，最多64个一组；没有右键技能、放置或装备行为。,符合计划,按原计划保留收藏用途，无额外功能。,已核对当前源码。当前包确认注册；本表不声称该件全部玩法已逐项重测。,mod/src/main/java/cn/blindboxchallenge/registry/ModItems.java:138；docs/ITEM_CATALOG.md:32
收藏与摆设,王立新徽章,blindboxchallenge:wang_lixin_badge,034,普通收藏品，无效果,,可携带、收藏，最多64个一组；没有右键技能、放置或装备行为。,符合计划,无功能符合计划；人物外观等用户提供王立新照片，暂留旧图。,已核对当前源码。当前包确认注册；本表不声称该件全部玩法已逐项重测。,mod/src/main/java/cn/blindboxchallenge/registry/ModItems.java:139；docs/ITEM_CATALOG.md:43
收藏与摆设,蒙娜奶龙画像,blindboxchallenge:floor_art_panel,036,画像，可放置在地上,,可以放置的静态画像装饰；无技能或状态加成。,符合计划,使用已导入人工模型；代码没有强制贴地或底部支撑限制。,已核对当前源码。当前包确认注册；本表不声称该件全部玩法已逐项重测。,mod/src/main/java/cn/blindboxchallenge/registry/ModItems.java:84；mod/src/main/java/cn/blindboxchallenge/block/DecorativeBlock.java:11；docs/ITEM_CATALOG.md:47
收藏与摆设,流动黑旗,blindboxchallenge:flowing_black_flag,037-A,普通物品，无效果,,可携带、收藏，最多64个一组；没有右键技能、放置或装备行为。,符合计划,按原计划保留收藏用途，无额外功能。,已核对当前源码。当前包确认注册；本表不声称该件全部玩法已逐项重测。,mod/src/main/java/cn/blindboxchallenge/registry/ModItems.java:140；docs/ITEM_CATALOG.md:48
收藏与摆设,猫玩偶,blindboxchallenge:cat_doll,047-E,普通物品/装饰，用途和能否放置未定,,可携带、收藏，最多64个一组；没有右键技能、放置或装备行为。,原计划未定,原计划未定义用途；纯收藏是否足够、是否可放置仍未确定。,已核对当前源码。当前包确认注册；本表不声称该件全部玩法已逐项重测。,mod/src/main/java/cn/blindboxchallenge/registry/ModItems.java:131；docs/ITEM_CATALOG.md:71
收藏与摆设,鹿管大赛特等奖奖杯,blindboxchallenge:neutral_trophy,051,奖杯装饰方块,,可以放置的奖杯装饰；没有比赛、计分、领奖或加成。,符合计划,原计划没有赛事系统，名称不代表含比赛玩法。,已核对当前源码。当前包确认注册；本表不声称该件全部玩法已逐项重测。,mod/src/main/java/cn/blindboxchallenge/registry/ModItems.java:86；mod/src/main/java/cn/blindboxchallenge/block/DecorativeBlock.java:11；docs/ITEM_CATALOG.md:75
